{"count":"121","planes":{"planes_96":{"partida_dia":"11","chegada_dia":"12","partida_segundos":"1000","chegada_segundos":"1000","status":"awaiting","price":"100","destino":"portugal","partida":"italia"},"planes_97":{"partida_dia":"11","chegada_dia":"12","partida_segundos":"1000","chegada_segundos":"1000","status":"awaiting","price":"100","destino":"portugal","partida":"italia"},"planes_118":{"partida_dia":"","chegada_dia":"","partida_segundos":"","chegada_segundos":"","status":"awaiting","price":"100","destino":"","partida":""},"planes_119":{"partida_dia":"","chegada_dia":"","partida_segundos":"","chegada_segundos":"","status":"awaiting","price":"100","destino":"","partida":""},"planes_120":{"partida_dia":"","chegada_dia":"","partida_segundos":"","chegada_segundos":"","status":"awaiting","price":"100","destino":"","partida":""},"planes_121":{"partida_dia":"","chegada_dia":"","partida_segundos":"","chegada_segundos":"","status":"awaiting","price":"100","destino":"","partida":""}}}