{"count_user":"10","users":{"abc":{"password":"123"},"abcd":{"password":"123"},"undefined":{},"w2":{"password":"1"},"w12":{"password":"23"},"ola":{"password":"123"}},"count":"55","planes":{"planes_44":{"partida_dia":"11","chegada_dia":"12","partida_segundos":"1000","chegada_segundos":"1000","status":"awaiting","price":"100","destino":"portugal","partida":"italia"},"planes_45":{"partida_dia":"11","chegada_dia":"12","partida_segundos":"1000","chegada_segundos":"1000","status":"awaiting","price":"100","destino":"portugal","partida":"italia"},"planes_46":{"partida_dia":"11","chegada_dia":"12","partida_segundos":"1000","chegada_segundos":"1000","status":"awaiting","price":"100","destino":"portugal","partida":"italia"},"planes_47":{"partida_dia":"11","chegada_dia":"12","partida_segundos":"1000","chegada_segundos":"1000","status":"awaiting","price":"100","destino":"portugal","partida":"italia"}}}