{"planes":{"plane_1":{"partida_dia":"11","chegada_dia":"12","partida_segundos":"1000","chegada_segundos":"1000","status":"awaiting","price":"100","destino":"portugal","partida":"italia"},"plane_2":{"partida_dia":"11","chegada_dia":"12","partida_segundos":"1000","chegada_segundos":"1000","status":"awaiting","price":"100","destino":"portugal","partida":"italia"},"plane_3":{"partida_dia":"11","chegada_dia":"12","partida_segundos":"1000","chegada_segundos":"1000","status":"awaiting","price":"100","destino":"portugal","partida":"italia"},"plane_4":{"partida_dia":"11","chegada_dia":"12","partida_segundos":"1000","chegada_segundos":"1000","status":"awaiting","price":"100","destino":"portugal","partida":"italia"}}}